Timestamp,Total programs,Valid programs,Buggy programs,API coverage,Program recalls,Runtime (seconds)
2024-10-21 14:31:19,2,2,0,7/1451,0,16.53
2024-10-21 14:36:25,2,2,0,7/1451,0,16.27
2024-10-21 14:39:37,4,3,0,9/1451,2,70.08
2024-10-21 14:43:54,4,4,0,17/1451,0,17.34
2024-10-21 14:57:11,0,0,0,0/1451,0,0.0
2024-10-21 16:18:27,4,0,0,0/1451,12,9.14
2024-10-21 16:42:03,4,0,0,0/1451,12,9.66
2024-10-21 16:43:14,4,0,0,0/1451,12,8.46
2024-10-21 17:10:53,4,0,0,0/1451,12,8.11
2024-10-21 21:07:46,4,0,0,0/1429,12,12.87
